<renderpath>
    <rendertarget name="albedo" sizedivisor="1 1" format="rgba" />
    <rendertarget name="normal" sizedivisor="1 1" format="rgba" />
    <rendertarget name="depth" sizedivisor="1 1" format="lineardepth" />
    <command type="clear" color="fog" depth="1.0" stencil="0" />
    <command type="scenepass" pass="deferred" marktostencil="true" vertexlights="true" metadata="gbuffer">
        <output index="0" name="viewport" />
        <output index="1" name="albedo" />
        <output index="2" name="normal" />
        <output index="3" name="depth" />
    </command>
    <command type="lightvolumes" vs="DeferredLight" ps="DeferredLight">
        <texture unit="albedo" name="albedo" />
        <texture unit="normal" name="normal" />
        <texture unit="depth" name="depth" />
    </command>
    <command type="scenepass" pass="postopaque" />
    <command type="scenepass" pass="refract">
        <texture unit="environment" name="viewport" />
    </command>
    <command type="scenepass" pass="alpha" vertexlights="true" sort="backtofront" metadata="alpha" />
    <command type="scenepass" pass="postalpha" sort="backtofront" />
</renderpath>
