<technique vs="LitSolid" ps="LitSolid" psdefines="DIFFMAP ALPHAMASK" alphamask="true" >
    <pass name="base" />
    <pass name="litbase" psdefines="AMBIENT SPECMAP" />
    <pass name="light" psdefines="SPECMAP" depthtest="equal" depthwrite="false" blend="add" />
    <pass name="prepass" psdefines="PREPASS SPECMAP" />
    <pass name="material" psdefines="MATERIAL SPECMAP" depthtest="equal" depthwrite="false" />
    <pass name="deferred" psdefines="DEFERRED SPECMAP" />
    <pass name="depth" vs="Depth" ps="Depth" psdefines="ALPHAMASK" />
    <pass name="shadow" vs="Shadow" ps="Shadow" psdefines="ALPHAMASK" />
</technique>
