<technique vs="LitSolid" ps="LitSolid" vsdefines="TRANSLUCENT" psdefines="DIFFMAP ALPHAMASK TRANSLUCENT" alphamask="true" >
    <pass name="base" />
    <pass name="litbase" psdefines="AMBIENT" />
    <pass name="light" depthtest="equal" depthwrite="false" blend="add" />
    <pass name="prepass" psdefines="PREPASS" />
    <pass name="material" psdefines="MATERIAL" depthtest="equal" depthwrite="false" />
    <pass name="deferred" psdefines="DEFERRED" />
    <pass name="depth" vs="Depth" ps="Depth" psdefines="ALPHAMASK" />
    <pass name="shadow" vs="Shadow" ps="Shadow" psdefines="ALPHAMASK" />
</technique>
